measurement_start_time,domain,input,probe_cc,probe_asn,test_name,failure,anomaly,analysis_anomaly,blocking_general,blocking_type
2025-12-11T14:04:30.000000Z,facebook.com,https://www.facebook.com/,IN,AS55836,web_connectivity,False,False,,,
2025-12-11T14:04:26.000000Z,twitter.com,https://twitter.com/,IN,AS55836,web_connectivity,False,False,,,
2025-12-11T14:04:20.000000Z,youtube.com,https://www.youtube.com/,IN,AS55836,web_connectivity,False,False,,,
2025-12-11T14:04:14.000000Z,instagram.com,https://www.instagram.com/,IN,AS55836,web_connectivity,False,False,,,
2025-12-11T14:03:46.000000Z,telegram.org,https://telegram.org/,IN,AS17488,web_connectivity,False,False,,,
2025-12-11T14:03:35.000000Z,scroll.in,https://scroll.in/,IN,AS45609,web_connectivity,False,False,,,
2025-12-11T14:03:13.000000Z,signal.org,https://signal.org/,IN,AS17488,web_connectivity,False,False,,,
2025-12-11T14:01:52.000000Z,rsf.org,https://rsf.org/,IN,AS45609,web_connectivity,False,False,,,
2025-12-11T14:01:35.000000Z,youtube.com,https://www.youtube.com/,IN,AS9829,web_connectivity,False,False,,,
2025-12-11T14:01:28.000000Z,instagram.com,https://www.instagram.com/,IN,AS9829,web_connectivity,False,False,,,
2025-12-11T14:01:18.000000Z,facebook.com,https://www.facebook.com/,IN,AS9829,web_connectivity,False,False,,,
2025-12-11T14:01:08.000000Z,twitter.com,https://twitter.com/,IN,AS9829,web_connectivity,False,False,,,
2025-12-11T14:00:12.000000Z,facebook.com,https://www.facebook.com/,IN,AS55836,web_connectivity,False,False,,,
2025-12-11T14:00:08.000000Z,twitter.com,https://twitter.com/,IN,AS55836,web_connectivity,False,False,,,
2025-12-11T14:00:04.000000Z,youtube.com,https://www.youtube.com/,IN,AS55836,web_connectivity,False,False,,,
2025-12-11T14:00:00.000000Z,instagram.com,https://www.instagram.com/,IN,AS55836,web_connectivity,False,False,,,
2025-12-11T13:58:26.000000Z,pucl.org,https://pucl.org/,IN,AS45609,web_connectivity,False,False,,,
2025-12-11T13:57:02.000000Z,youtube.com,https://www.youtube.com/,IN,AS45609,web_connectivity,False,False,,,
2025-12-11T13:56:59.000000Z,instagram.com,https://www.instagram.com/,IN,AS45609,web_connectivity,False,False,,,
2025-12-11T13:56:57.000000Z,facebook.com,https://www.facebook.com/,IN,AS45609,web_connectivity,False,False,,,
2025-12-11T13:56:53.000000Z,twitter.com,https://twitter.com/,IN,AS45609,web_connectivity,False,False,,,
2025-12-11T13:56:45.000000Z,youtube.com,https://www.youtube.com/,IN,AS17488,web_connectivity,False,False,,,
2025-12-11T13:56:42.000000Z,instagram.com,https://www.instagram.com/,IN,AS17488,web_connectivity,False,False,,,
2025-12-11T13:56:39.000000Z,twitter.com,https://twitter.com/,IN,AS17488,web_connectivity,False,False,,,
2025-12-11T13:56:35.000000Z,facebook.com,https://www.facebook.com/,IN,AS17488,web_connectivity,False,False,,,
2025-12-11T13:48:36.000000Z,bbc.com,https://www.bbc.com/,IN,AS45820,web_connectivity,False,False,,,
2025-12-11T13:47:55.000000Z,amnesty.org,https://www.amnesty.org/,IN,AS45820,web_connectivity,False,False,,,
2025-12-11T13:47:43.000000Z,altnews.in,https://www.altnews.in/,IN,AS45820,web_connectivity,False,False,,,
2025-12-11T13:46:36.000000Z,aljazeera.com,https://www.aljazeera.com/,IN,AS45820,web_connectivity,False,False,,,
2025-12-11T13:44:57.000000Z,accessnow.org,https://www.accessnow.org/,IN,AS45820,web_connectivity,False,False,,,
2025-12-11T13:42:22.000000Z,youtube.com,https://www.youtube.com/,IN,AS45820,web_connectivity,False,False,,,
2025-12-11T13:42:20.000000Z,instagram.com,https://www.instagram.com/,IN,AS45820,web_connectivity,False,False,,,
2025-12-11T13:42:18.000000Z,twitter.com,https://twitter.com/,IN,AS45820,web_connectivity,False,False,,,
2025-12-11T13:42:15.000000Z,facebook.com,https://www.facebook.com/,IN,AS45820,web_connectivity,False,False,,,
2025-12-11T13:32:07.000000Z,accessnow.org,https://www.accessnow.org/,IN,AS45271,web_connectivity,False,False,,,
2025-12-11T13:24:49.000000Z,youtube.com,https://www.youtube.com/,IN,AS45609,web_connectivity,False,False,,,
2025-12-11T13:24:45.000000Z,instagram.com,https://www.instagram.com/,IN,AS45609,web_connectivity,False,False,,,
2025-12-11T13:24:42.000000Z,facebook.com,https://www.facebook.com/,IN,AS45609,web_connectivity,False,False,,,
2025-12-11T13:24:38.000000Z,twitter.com,https://twitter.com/,IN,AS45609,web_connectivity,False,False,,,
2025-12-11T13:21:58.000000Z,youtube.com,https://www.youtube.com/,IN,AS45609,web_connectivity,False,False,,,
2025-12-11T13:21:52.000000Z,instagram.com,https://www.instagram.com/,IN,AS45609,web_connectivity,False,False,,,
2025-12-11T13:21:49.000000Z,facebook.com,https://www.facebook.com/,IN,AS45609,web_connectivity,False,False,,,
2025-12-11T13:21:43.000000Z,twitter.com,https://twitter.com/,IN,AS45609,web_connectivity,False,False,,,
2025-12-11T13:18:20.000000Z,timesofindia.indiatimes.com,https://timesofindia.indiatimes.com/,IN,AS45271,web_connectivity,False,False,,,
2025-12-11T13:16:18.000000Z,tiktok.com,https://www.tiktok.com/,IN,AS23860,web_connectivity,False,False,,,
2025-12-11T13:16:13.000000Z,youtube.com,https://www.youtube.com/,IN,AS23860,web_connectivity,False,False,,,
2025-12-11T13:16:10.000000Z,instagram.com,https://www.instagram.com/,IN,AS24560,web_connectivity,False,False,,,
2025-12-11T13:16:07.000000Z,thewire.in,https://thewire.in/,IN,AS45271,web_connectivity,False,False,,,
2025-12-11T13:16:06.000000Z,instagram.com,https://www.instagram.com/,IN,AS23860,web_connectivity,False,False,,,
2025-12-11T13:16:04.000000Z,facebook.com,https://www.facebook.com/,IN,AS24560,web_connectivity,False,False,,,
2025-12-11T13:16:03.000000Z,facebook.com,https://www.facebook.com/,IN,AS23860,web_connectivity,False,False,,,
2025-12-11T13:15:59.000000Z,twitter.com,https://twitter.com/,IN,AS24560,web_connectivity,False,False,,,
2025-12-11T13:15:58.000000Z,twitter.com,https://twitter.com/,IN,AS23860,web_connectivity,False,False,,,
2025-12-11T13:15:46.000000Z,youtube.com,https://www.youtube.com/,IN,AS24560,web_connectivity,False,False,,,
2025-12-11T13:08:32.000000Z,facebook.com,https://www.facebook.com/,IN,AS55836,web_connectivity,False,False,,,
2025-12-11T13:08:28.000000Z,twitter.com,https://twitter.com/,IN,AS55836,web_connectivity,False,False,,,
2025-12-11T13:08:23.000000Z,youtube.com,https://www.youtube.com/,IN,AS55836,web_connectivity,False,False,,,
2025-12-11T13:08:19.000000Z,instagram.com,https://www.instagram.com/,IN,AS55836,web_connectivity,False,False,,,
2025-12-11T13:07:08.000000Z,facebook.com,https://www.facebook.com/,IN,AS55836,web_connectivity,False,False,,,
2025-12-11T13:06:47.000000Z,twitter.com,https://twitter.com/,IN,AS55836,web_connectivity,False,False,,,
2025-12-11T13:06:41.000000Z,youtube.com,https://www.youtube.com/,IN,AS55836,web_connectivity,False,False,,,
2025-12-11T13:06:37.000000Z,instagram.com,https://www.instagram.com/,IN,AS55836,web_connectivity,False,False,,,
2025-12-11T13:06:22.000000Z,facebook.com,https://www.facebook.com/,IN,AS55836,web_connectivity,False,False,,,
2025-12-11T13:06:21.000000Z,twitter.com,https://twitter.com/,IN,AS55836,web_connectivity,False,False,,,
2025-12-11T13:06:17.000000Z,youtube.com,https://www.youtube.com/,IN,AS55836,web_connectivity,False,False,,,
2025-12-11T13:06:14.000000Z,instagram.com,https://www.instagram.com/,IN,AS55836,web_connectivity,False,False,,,
2025-12-11T12:59:44.000000Z,youtube.com,https://www.youtube.com/,IN,AS45271,web_connectivity,False,False,,,
2025-12-11T12:59:33.000000Z,instagram.com,https://www.instagram.com/,IN,AS45271,web_connectivity,False,False,,,
2025-12-11T12:59:21.000000Z,facebook.com,https://www.facebook.com/,IN,AS45271,web_connectivity,False,False,,,
2025-12-11T12:58:46.000000Z,twitter.com,https://twitter.com/,IN,AS45271,web_connectivity,False,False,,,
2025-12-11T12:56:32.000000Z,facebook.com,https://www.facebook.com/,IN,AS55836,web_connectivity,False,False,,,
2025-12-11T12:56:32.000000Z,facebook.com,https://www.facebook.com/,IN,AS55836,web_connectivity,False,False,,,
2025-12-11T12:56:13.000000Z,twitter.com,https://twitter.com/,IN,AS55836,web_connectivity,False,False,,,
2025-12-11T12:55:02.000000Z,youtube.com,https://www.youtube.com/,IN,AS55836,web_connectivity,False,False,,,
2025-12-11T12:54:57.000000Z,instagram.com,https://www.instagram.com/,IN,AS55836,web_connectivity,False,False,,,
2025-12-11T12:54:54.000000Z,facebook.com,https://www.facebook.com/,IN,AS55836,web_connectivity,False,False,,,
2025-12-11T12:54:48.000000Z,twitter.com,https://twitter.com/,IN,AS55836,web_connectivity,False,False,,,
2025-12-11T12:52:48.000000Z,youtube.com,https://www.youtube.com/,IN,AS45609,web_connectivity,False,False,,,
2025-12-11T12:52:39.000000Z,instagram.com,https://www.instagram.com/,IN,AS45609,web_connectivity,False,False,,,
2025-12-11T12:52:34.000000Z,facebook.com,https://www.facebook.com/,IN,AS45609,web_connectivity,False,False,,,
2025-12-11T12:52:28.000000Z,twitter.com,https://twitter.com/,IN,AS45609,web_connectivity,False,False,,,
2025-12-11T12:34:09.000000Z,timesofindia.indiatimes.com,https://timesofindia.indiatimes.com/,IN,AS45820,web_connectivity,False,False,,,
2025-12-11T12:29:21.000000Z,scroll.in,https://scroll.in/,IN,AS45820,web_connectivity,False,False,,,
2025-12-11T12:28:15.000000Z,rsf.org,https://rsf.org/,IN,AS45820,web_connectivity,False,False,,,
2025-12-11T12:27:38.000000Z,tiktok.com,https://www.tiktok.com/,IN,AS55836,web_connectivity,False,True,,,
2025-12-11T12:26:05.000000Z,tiktok.com,https://www.tiktok.com/,IN,AS45820,web_connectivity,False,False,,,
2025-12-11T12:26:01.000000Z,youtube.com,https://www.youtube.com/,IN,AS45820,web_connectivity,False,False,,,
2025-12-11T12:25:53.000000Z,instagram.com,https://www.instagram.com/,IN,AS45820,web_connectivity,False,False,,,
2025-12-11T12:25:49.000000Z,twitter.com,https://twitter.com/,IN,AS45820,web_connectivity,False,False,,,
2025-12-11T12:25:46.000000Z,facebook.com,https://www.facebook.com/,IN,AS45820,web_connectivity,False,False,,,
2025-12-11T12:21:24.000000Z,xvideos.com,https://www.xvideos.com/,IN,AS55836,web_connectivity,False,True,,,
2025-12-11T12:20:23.000000Z,xvideos.com,http://www.xvideos.com/,IN,AS55836,web_connectivity,False,True,,,
2025-12-11T12:07:43.000000Z,youtube.com,https://www.youtube.com/,IN,AS55836,web_connectivity,False,False,,,
2025-12-11T12:07:41.000000Z,instagram.com,https://www.instagram.com/,IN,AS55836,web_connectivity,False,False,,,
2025-12-11T12:07:40.000000Z,facebook.com,https://www.facebook.com/,IN,AS55836,web_connectivity,False,False,,,
2025-12-11T12:07:37.000000Z,twitter.com,https://twitter.com/,IN,AS55836,web_connectivity,False,False,,,
2025-12-11T12:06:11.000000Z,instagram.com,https://www.instagram.com/,IN,AS24560,web_connectivity,False,False,,,
2025-12-11T12:06:09.000000Z,facebook.com,https://www.facebook.com/,IN,AS24560,web_connectivity,False,False,,,
2025-12-11T12:06:06.000000Z,twitter.com,https://twitter.com/,IN,AS24560,web_connectivity,False,False,,,
2025-12-11T12:06:00.000000Z,youtube.com,https://www.youtube.com/,IN,AS24560,web_connectivity,False,False,,,
2025-12-11T11:59:33.000000Z,youtube.com,https://www.youtube.com/,IN,AS55836,web_connectivity,False,False,,,
2025-12-11T11:59:30.000000Z,instagram.com,https://www.instagram.com/,IN,AS55836,web_connectivity,False,False,,,
2025-12-11T11:59:26.000000Z,facebook.com,https://www.facebook.com/,IN,AS55836,web_connectivity,False,False,,,
2025-12-11T11:59:23.000000Z,twitter.com,https://twitter.com/,IN,AS55836,web_connectivity,False,False,,,
2025-12-11T11:50:49.000000Z,reddit.com,https://www.reddit.com/,IN,AS24309,web_connectivity,False,False,,,
2025-12-11T11:49:03.000000Z,tiktok.com,https://www.tiktok.com/,IN,AS24309,web_connectivity,False,False,,,
2025-12-11T11:49:00.000000Z,youtube.com,https://www.youtube.com/,IN,AS24309,web_connectivity,False,False,,,
2025-12-11T11:48:58.000000Z,twitter.com,https://twitter.com/,IN,AS24309,web_connectivity,False,False,,,
2025-12-11T11:48:56.000000Z,instagram.com,https://www.instagram.com/,IN,AS24309,web_connectivity,False,False,,,
2025-12-11T11:48:53.000000Z,facebook.com,https://www.facebook.com/,IN,AS24309,web_connectivity,False,False,,,
2025-12-11T11:48:39.000000Z,youtube.com,https://www.youtube.com/,IN,AS9829,web_connectivity,False,False,,,
2025-12-11T11:48:34.000000Z,instagram.com,https://www.instagram.com/,IN,AS9829,web_connectivity,False,False,,,
2025-12-11T11:48:31.000000Z,facebook.com,https://www.facebook.com/,IN,AS9829,web_connectivity,False,False,,,
2025-12-11T11:48:24.000000Z,twitter.com,https://twitter.com/,IN,AS9829,web_connectivity,False,False,,,
2025-12-11T11:48:13.000000Z,scroll.in,https://scroll.in/,IN,AS45271,web_connectivity,False,False,,,
2025-12-11T11:43:26.000000Z,youtube.com,https://www.youtube.com/,IN,AS9829,web_connectivity,False,False,,,
2025-12-11T11:43:20.000000Z,instagram.com,https://www.instagram.com/,IN,AS9829,web_connectivity,False,False,,,
2025-12-11T11:43:17.000000Z,facebook.com,https://www.facebook.com/,IN,AS9829,web_connectivity,False,False,,,
2025-12-11T11:43:15.000000Z,rsf.org,https://rsf.org/,IN,AS45271,web_connectivity,False,False,,,
2025-12-11T11:43:09.000000Z,twitter.com,https://twitter.com/,IN,AS9829,web_connectivity,False,False,,,
2025-12-11T11:40:42.000000Z,youtube.com,https://www.youtube.com/,IN,AS9829,web_connectivity,False,False,,,
2025-12-11T11:40:36.000000Z,instagram.com,https://www.instagram.com/,IN,AS9829,web_connectivity,False,False,,,
2025-12-11T11:40:33.000000Z,facebook.com,https://www.facebook.com/,IN,AS9829,web_connectivity,False,False,,,
2025-12-11T11:40:25.000000Z,twitter.com,https://twitter.com/,IN,AS9829,web_connectivity,False,False,,,
2025-12-11T11:38:44.000000Z,tiktok.com,https://www.tiktok.com/,IN,AS134375,web_connectivity,False,False,,,
2025-12-11T11:38:23.000000Z,youtube.com,https://www.youtube.com/,IN,AS134375,web_connectivity,False,False,,,
2025-12-11T11:38:17.000000Z,instagram.com,https://www.instagram.com/,IN,AS134375,web_connectivity,False,False,,,
2025-12-11T11:38:13.000000Z,facebook.com,https://www.facebook.com/,IN,AS134375,web_connectivity,False,False,,,
2025-12-11T11:38:08.000000Z,twitter.com,https://twitter.com/,IN,AS134375,web_connectivity,False,False,,,
2025-12-11T11:32:13.000000Z,pucl.org,https://pucl.org/,IN,AS45271,web_connectivity,False,False,,,
2025-12-11T11:29:57.000000Z,netflix.com,https://www.netflix.com/,IN,AS132116,web_connectivity,False,False,,,
2025-12-11T11:29:42.000000Z,mygov.in,https://www.mygov.in/,IN,AS132116,web_connectivity,False,False,,,
2025-12-11T11:29:35.000000Z,youtube.com,https://www.youtube.com/,IN,AS9829,web_connectivity,False,False,,,
2025-12-11T11:29:33.000000Z,youtube.com,https://www.youtube.com/,IN,AS55836,web_connectivity,False,False,,,
2025-12-11T11:29:30.000000Z,instagram.com,https://www.instagram.com/,IN,AS55836,web_connectivity,False,False,,,
2025-12-11T11:29:30.000000Z,instagram.com,https://www.instagram.com/,IN,AS9829,web_connectivity,False,False,,,
2025-12-11T11:29:29.000000Z,facebook.com,https://www.facebook.com/,IN,AS55836,web_connectivity,False,False,,,
2025-12-11T11:29:26.000000Z,facebook.com,https://www.facebook.com/,IN,AS9829,web_connectivity,False,False,,,
2025-12-11T11:29:24.000000Z,twitter.com,https://twitter.com/,IN,AS55836,web_connectivity,False,False,,,
2025-12-11T11:29:18.000000Z,twitter.com,https://twitter.com/,IN,AS9829,web_connectivity,False,False,,,
2025-12-11T11:27:17.000000Z,youtube.com,https://www.youtube.com/,IN,AS132116,web_connectivity,False,False,,,
2025-12-11T11:27:14.000000Z,instagram.com,https://www.instagram.com/,IN,AS132116,web_connectivity,False,False,,,
2025-12-11T11:27:10.000000Z,twitter.com,https://twitter.com/,IN,AS132116,web_connectivity,False,False,,,
2025-12-11T11:27:08.000000Z,facebook.com,https://www.facebook.com/,IN,AS132116,web_connectivity,False,False,,,
2025-12-11T11:26:46.000000Z,facebook.com,https://www.facebook.com/,IN,AS38266,web_connectivity,False,False,,,
2025-12-11T11:26:41.000000Z,twitter.com,https://twitter.com/,IN,AS38266,web_connectivity,False,False,,,
2025-12-11T11:26:34.000000Z,youtube.com,https://www.youtube.com/,IN,AS38266,web_connectivity,False,False,,,
2025-12-11T11:26:29.000000Z,instagram.com,https://www.instagram.com/,IN,AS38266,web_connectivity,False,False,,,
2025-12-11T11:24:27.000000Z,reddit.com,https://www.reddit.com/,IN,AS55836,web_connectivity,False,False,,,
2025-12-11T11:23:12.000000Z,tiktok.com,https://www.tiktok.com/,IN,AS55836,web_connectivity,False,True,,,
2025-12-11T11:23:07.000000Z,whatsapp.com,https://www.whatsapp.com/,IN,AS55836,web_connectivity,False,False,,,
2025-12-11T11:19:13.000000Z,youtube.com,https://www.youtube.com/,IN,AS45271,web_connectivity,False,False,,,
2025-12-11T11:19:02.000000Z,instagram.com,https://www.instagram.com/,IN,AS45271,web_connectivity,False,False,,,
2025-12-11T11:18:54.000000Z,facebook.com,https://www.facebook.com/,IN,AS45271,web_connectivity,False,False,,,
2025-12-11T11:18:25.000000Z,twitter.com,https://twitter.com/,IN,AS45271,web_connectivity,False,False,,,
2025-12-11T11:16:23.000000Z,youtube.com,https://www.youtube.com/,IN,AS55836,web_connectivity,False,False,,,
2025-12-11T11:16:20.000000Z,instagram.com,https://www.instagram.com/,IN,AS55836,web_connectivity,False,False,,,
2025-12-11T11:16:17.000000Z,facebook.com,https://www.facebook.com/,IN,AS55836,web_connectivity,False,False,,,
2025-12-11T11:16:13.000000Z,twitter.com,https://twitter.com/,IN,AS55836,web_connectivity,False,False,,,
2025-12-11T11:15:04.000000Z,pucl.org,https://pucl.org/,IN,AS45820,web_connectivity,False,False,,,
2025-12-11T11:14:01.000000Z,vidhilegalpolicy.in,https://vidhilegalpolicy.in/,IN,AS134540,web_connectivity,True,False,,,
2025-12-11T11:11:33.000000Z,youtube.com,https://www.youtube.com/,IN,AS134540,web_connectivity,False,False,,,
2025-12-11T11:11:30.000000Z,instagram.com,https://www.instagram.com/,IN,AS134540,web_connectivity,False,False,,,
2025-12-11T11:11:29.000000Z,facebook.com,https://www.facebook.com/,IN,AS134540,web_connectivity,False,False,,,
2025-12-11T11:11:26.000000Z,twitter.com,https://twitter.com/,IN,AS134540,web_connectivity,False,False,,,
2025-12-11T11:09:20.000000Z,instagram.com,https://www.instagram.com/,IN,AS45609,web_connectivity,False,False,,,
2025-12-11T11:08:29.000000Z,tiktok.com,https://www.tiktok.com/,IN,AS45820,web_connectivity,False,False,,,
2025-12-11T11:08:25.000000Z,youtube.com,https://www.youtube.com/,IN,AS45820,web_connectivity,False,False,,,
2025-12-11T11:08:22.000000Z,instagram.com,https://www.instagram.com/,IN,AS45820,web_connectivity,False,False,,,
2025-12-11T11:08:19.000000Z,twitter.com,https://twitter.com/,IN,AS45820,web_connectivity,False,False,,,
2025-12-11T11:08:16.000000Z,facebook.com,https://www.facebook.com/,IN,AS45820,web_connectivity,False,False,,,
2025-12-11T10:59:38.000000Z,instagram.com,https://www.instagram.com/,IN,AS24560,web_connectivity,False,False,,,
2025-12-11T10:59:36.000000Z,facebook.com,https://www.facebook.com/,IN,AS24560,web_connectivity,False,False,,,
2025-12-11T10:59:33.000000Z,twitter.com,https://twitter.com/,IN,AS24560,web_connectivity,False,False,,,
2025-12-11T10:59:28.000000Z,youtube.com,https://www.youtube.com/,IN,AS24560,web_connectivity,False,False,,,
2025-12-11T10:53:33.000000Z,facebook.com,https://www.facebook.com/,IN,AS38266,web_connectivity,False,False,,,
2025-12-11T10:53:04.000000Z,twitter.com,https://twitter.com/,IN,AS38266,web_connectivity,False,False,,,
2025-12-11T10:52:56.000000Z,tiktok.com,https://www.tiktok.com/,IN,AS24560,web_connectivity,False,True,,,
2025-12-11T10:46:08.000000Z,thequint.com,https://www.thequint.com/,IN,AS24560,web_connectivity,False,False,,,
2025-12-11T10:45:43.000000Z,theguardian.com,https://www.theguardian.com/,IN,AS24560,web_connectivity,False,False,,,
2025-12-11T10:43:44.000000Z,instagram.com,https://www.instagram.com/,IN,AS24560,web_connectivity,False,False,,,
2025-12-11T10:43:40.000000Z,facebook.com,https://www.facebook.com/,IN,AS24560,web_connectivity,False,False,,,
2025-12-11T10:43:36.000000Z,twitter.com,https://twitter.com/,IN,AS24560,web_connectivity,False,False,,,
2025-12-11T10:43:25.000000Z,youtube.com,https://www.youtube.com/,IN,AS24560,web_connectivity,False,False,,,
2025-12-11T10:34:25.000000Z,freedomhouse.org,https://freedomhouse.org/,IN,AS134375,web_connectivity,False,False,,,
2025-12-11T10:33:30.000000Z,economictimes.indiatimes.com,https://economictimes.indiatimes.com/,IN,AS134375,web_connectivity,False,False,,,
2025-12-11T10:31:14.000000Z,citizenlab.ca,https://citizenlab.ca/,IN,AS134375,web_connectivity,False,False,,,
2025-12-11T10:31:07.000000Z,cis-india.org,https://cis-india.org/,IN,AS134375,web_connectivity,False,False,,,
2025-12-11T10:30:41.000000Z,caravanmagazine.in,https://caravanmagazine.in/,IN,AS134375,web_connectivity,False,False,,,
2025-12-11T10:30:25.000000Z,signal.org,https://signal.org/,IN,AS134375,web_connectivity,False,False,,,
2025-12-11T10:29:37.000000Z,tiktok.com,https://www.tiktok.com/,IN,AS134375,web_connectivity,False,False,,,
2025-12-11T10:29:19.000000Z,youtube.com,https://www.youtube.com/,IN,AS134375,web_connectivity,False,False,,,
2025-12-11T10:29:16.000000Z,instagram.com,https://www.instagram.com/,IN,AS134375,web_connectivity,False,False,,,
2025-12-11T10:29:13.000000Z,facebook.com,https://www.facebook.com/,IN,AS134375,web_connectivity,False,False,,,
2025-12-11T10:29:08.000000Z,twitter.com,https://twitter.com/,IN,AS134375,web_connectivity,False,False,,,
2025-12-11T10:11:49.000000Z,youtube.com,https://www.youtube.com/,IN,AS55836,web_connectivity,False,False,,,
2025-12-11T10:11:46.000000Z,instagram.com,https://www.instagram.com/,IN,AS55836,web_connectivity,False,False,,,
2025-12-11T10:11:42.000000Z,facebook.com,https://www.facebook.com/,IN,AS55836,web_connectivity,False,False,,,
2025-12-11T10:11:22.000000Z,twitter.com,https://twitter.com/,IN,AS55836,web_connectivity,False,False,,,
2025-12-11T10:09:20.000000Z,reuters.com,https://www.reuters.com/,IN,AS24560,web_connectivity,False,False,,,
2025-12-11T10:03:39.000000Z,vidhilegalpolicy.in,https://vidhilegalpolicy.in/,IN,AS55836,web_connectivity,True,False,,,
2025-12-11T10:01:33.000000Z,nytimes.com,https://www.nytimes.com/,IN,AS24560,web_connectivity,False,False,,,
2025-12-11T10:01:24.000000Z,freedomhouse.org,https://freedomhouse.org/,IN,AS45820,web_connectivity,False,False,,,
2025-12-11T10:01:19.000000Z,signal.org,https://signal.org/,IN,AS55836,web_connectivity,False,False,,,
2025-12-11T10:00:51.000000Z,newslaundry.com,https://www.newslaundry.com/,IN,AS24560,web_connectivity,False,False,,,
2025-12-11T10:00:44.000000Z,news18.com,https://www.news18.com/,IN,AS24560,web_connectivity,False,False,,,
2025-12-11T10:00:37.000000Z,tiktok.com,https://www.tiktok.com/,IN,AS45820,web_connectivity,False,False,,,
2025-12-11T10:00:33.000000Z,youtube.com,https://www.youtube.com/,IN,AS45820,web_connectivity,False,False,,,
2025-12-11T10:00:30.000000Z,instagram.com,https://www.instagram.com/,IN,AS45820,web_connectivity,False,False,,,
2025-12-11T10:00:27.000000Z,twitter.com,https://twitter.com/,IN,AS45820,web_connectivity,False,False,,,
2025-12-11T10:00:21.000000Z,facebook.com,https://www.facebook.com/,IN,AS45820,web_connectivity,False,False,,,
2025-12-11T09:59:04.000000Z,moneycontrol.com,https://www.moneycontrol.com/,IN,AS24560,web_connectivity,False,False,,,
2025-12-11T09:59:00.000000Z,instagram.com,https://www.instagram.com/,IN,AS24560,web_connectivity,False,False,,,
2025-12-11T09:58:58.000000Z,facebook.com,https://www.facebook.com/,IN,AS24560,web_connectivity,False,False,,,
2025-12-11T09:58:45.000000Z,twitter.com,https://twitter.com/,IN,AS24560,web_connectivity,False,False,,,
2025-12-11T09:58:38.000000Z,youtube.com,https://www.youtube.com/,IN,AS24560,web_connectivity,False,False,,,
2025-12-11T09:57:27.000000Z,youtube.com,https://www.youtube.com/,IN,AS55836,web_connectivity,False,False,,,
2025-12-11T09:57:24.000000Z,instagram.com,https://www.instagram.com/,IN,AS55836,web_connectivity,False,False,,,
2025-12-11T09:57:20.000000Z,facebook.com,https://www.facebook.com/,IN,AS55836,web_connectivity,False,False,,,
2025-12-11T09:57:14.000000Z,twitter.com,https://twitter.com/,IN,AS55836,web_connectivity,False,False,,,
2025-12-11T09:51:21.000000Z,youtube.com,https://www.youtube.com/,IN,AS55836,web_connectivity,False,False,,,
2025-12-11T09:51:18.000000Z,instagram.com,https://www.instagram.com/,IN,AS55836,web_connectivity,False,False,,,
2025-12-11T09:51:16.000000Z,facebook.com,https://www.facebook.com/,IN,AS55836,web_connectivity,False,False,,,
2025-12-11T09:51:13.000000Z,youtube.com,https://www.youtube.com/,IN,AS55836,web_connectivity,False,False,,,
2025-12-11T09:51:07.000000Z,instagram.com,https://www.instagram.com/,IN,AS55836,web_connectivity,False,False,,,
2025-12-11T09:51:03.000000Z,facebook.com,https://www.facebook.com/,IN,AS55836,web_connectivity,False,False,,,
2025-12-11T09:50:54.000000Z,twitter.com,https://twitter.com/,IN,AS55836,web_connectivity,False,False,,,
2025-12-11T09:50:42.000000Z,twitter.com,https://twitter.com/,IN,AS55836,web_connectivity,False,False,,,
2025-12-11T09:46:09.000000Z,youtube.com,https://www.youtube.com/,IN,AS45271,web_connectivity,False,False,,,
2025-12-11T09:45:59.000000Z,instagram.com,https://www.instagram.com/,IN,AS45271,web_connectivity,False,False,,,
2025-12-11T09:45:52.000000Z,facebook.com,https://www.facebook.com/,IN,AS45271,web_connectivity,False,False,,,
2025-12-11T09:45:25.000000Z,twitter.com,https://twitter.com/,IN,AS45271,web_connectivity,False,False,,,
2025-12-11T09:43:34.000000Z,mathrubhumi.com,https://www.mathrubhumi.com/,IN,AS24560,web_connectivity,False,False,,,
2025-12-11T09:43:29.000000Z,manoramaonline.com,https://www.manoramaonline.com/,IN,AS24560,web_connectivity,False,False,,,
2025-12-11T09:43:18.000000Z,instagram.com,https://www.instagram.com/,IN,AS24560,web_connectivity,False,False,,,
2025-12-11T09:43:15.000000Z,facebook.com,https://www.facebook.com/,IN,AS24560,web_connectivity,False,False,,,
2025-12-11T09:43:12.000000Z,twitter.com,https://twitter.com/,IN,AS24560,web_connectivity,False,False,,,
2025-12-11T09:43:05.000000Z,youtube.com,https://www.youtube.com/,IN,AS24560,web_connectivity,False,False,,,
2025-12-11T09:35:35.000000Z,tiktok.com,https://www.tiktok.com/,IN,AS9829,web_connectivity,False,True,,,
2025-12-11T09:30:10.000000Z,youtube.com,https://www.youtube.com/,IN,AS9829,web_connectivity,False,False,,,
2025-12-11T09:30:08.000000Z,instagram.com,https://www.instagram.com/,IN,AS9829,web_connectivity,False,False,,,
2025-12-11T09:30:06.000000Z,facebook.com,https://www.facebook.com/,IN,AS9829,web_connectivity,False,False,,,
2025-12-11T09:30:02.000000Z,twitter.com,https://twitter.com/,IN,AS9829,web_connectivity,False,False,,,
2025-12-11T09:22:46.000000Z,adrindia.org,https://adrindia.org/,IN,AS134375,web_connectivity,False,False,,,
2025-12-11T09:22:06.000000Z,whatsapp.com,https://www.whatsapp.com/,IN,AS134375,web_connectivity,False,False,,,
2025-12-11T09:22:00.000000Z,snapchat.com,https://www.snapchat.com/,IN,AS134375,web_connectivity,False,False,,,
2025-12-11T09:21:53.000000Z,telegram.org,https://telegram.org/,IN,AS134375,web_connectivity,False,False,,,
2025-12-11T09:20:49.000000Z,tiktok.com,https://www.tiktok.com/,IN,AS134375,web_connectivity,False,False,,,
2025-12-11T09:20:47.000000Z,signal.org,https://signal.org/,IN,AS134375,web_connectivity,False,False,,,
2025-12-11T09:20:25.000000Z,youtube.com,https://www.youtube.com/,IN,AS134375,web_connectivity,False,False,,,
2025-12-11T09:20:21.000000Z,instagram.com,https://www.instagram.com/,IN,AS134375,web_connectivity,False,False,,,
2025-12-11T09:20:19.000000Z,facebook.com,https://www.facebook.com/,IN,AS134375,web_connectivity,False,False,,,
2025-12-11T09:20:16.000000Z,twitter.com,https://twitter.com/,IN,AS134375,web_connectivity,False,False,,,
2025-12-11T09:04:52.000000Z,facebook.com,https://www.facebook.com/,IN,AS4755,web_connectivity,False,False,,,
2025-12-11T09:03:59.000000Z,youtube.com,https://www.youtube.com/,IN,AS55836,web_connectivity,False,False,,,
2025-12-11T09:03:56.000000Z,instagram.com,https://www.instagram.com/,IN,AS55836,web_connectivity,False,False,,,
2025-12-11T09:03:52.000000Z,facebook.com,https://www.facebook.com/,IN,AS55836,web_connectivity,False,False,,,
2025-12-11T09:03:33.000000Z,twitter.com,https://twitter.com/,IN,AS55836,web_connectivity,False,False,,,
2025-12-11T08:59:05.000000Z,thehindu.com,https://www.thehindu.com/,IN,AS134540,web_connectivity,False,False,,,
2025-12-11T08:58:53.000000Z,ndtv.com,https://www.ndtv.com/,IN,AS134540,web_connectivity,False,False,,,
2025-12-11T08:58:47.000000Z,indiatoday.in,https://www.indiatoday.in/,IN,AS134540,web_connectivity,False,False,,,
2025-12-11T08:58:45.000000Z,hindustantimes.com,https://www.hindustantimes.com/,IN,AS134540,web_connectivity,False,False,,,
2025-12-11T08:58:35.000000Z,firstpost.com,https://www.firstpost.com/,IN,AS134540,web_connectivity,False,False,,,
2025-12-11T08:57:57.000000Z,thewire.in,https://thewire.in/,IN,AS134540,web_connectivity,False,False,,,
2025-12-11T08:57:00.000000Z,youtube.com,https://www.youtube.com/,IN,AS134540,web_connectivity,False,False,,,
2025-12-11T08:56:57.000000Z,instagram.com,https://www.instagram.com/,IN,AS134540,web_connectivity,False,False,,,
2025-12-11T08:56:55.000000Z,facebook.com,https://www.facebook.com/,IN,AS134540,web_connectivity,False,False,,,
2025-12-11T08:56:51.000000Z,twitter.com,https://twitter.com/,IN,AS134540,web_connectivity,False,False,,,
2025-12-11T08:45:15.000000Z,economictimes.indiatimes.com,https://economictimes.indiatimes.com/,IN,AS45820,web_connectivity,False,False,,,
2025-12-11T08:43:27.000000Z,citizenlab.ca,https://citizenlab.ca/,IN,AS45820,web_connectivity,False,False,,,
2025-12-11T08:43:21.000000Z,cis-india.org,https://cis-india.org/,IN,AS45820,web_connectivity,False,False,,,
2025-12-11T08:43:06.000000Z,caravanmagazine.in,https://caravanmagazine.in/,IN,AS45820,web_connectivity,False,False,,,
2025-12-11T08:38:47.000000Z,adrindia.org,https://adrindia.org/,IN,AS45820,web_connectivity,False,False,,,
2025-12-11T08:37:34.000000Z,whatsapp.com,https://www.whatsapp.com/,IN,AS45820,web_connectivity,False,False,,,
2025-12-11T08:37:10.000000Z,tiktok.com,https://www.tiktok.com/,IN,AS45820,web_connectivity,False,False,,,
2025-12-11T08:37:04.000000Z,youtube.com,https://www.youtube.com/,IN,AS45820,web_connectivity,False,False,,,
2025-12-11T08:37:02.000000Z,instagram.com,https://www.instagram.com/,IN,AS45820,web_connectivity,False,False,,,
2025-12-11T08:36:56.000000Z,twitter.com,https://twitter.com/,IN,AS45820,web_connectivity,False,False,,,
2025-12-11T08:36:49.000000Z,facebook.com,https://www.facebook.com/,IN,AS45820,web_connectivity,False,False,,,
2025-12-11T08:35:35.000000Z,livemint.com,https://www.livemint.com/,IN,AS24560,web_connectivity,False,False,,,
2025-12-11T08:34:27.000000Z,instagram.com,https://www.instagram.com/,IN,AS24560,web_connectivity,False,False,,,
2025-12-11T08:34:24.000000Z,facebook.com,https://www.facebook.com/,IN,AS24560,web_connectivity,False,False,,,
2025-12-11T08:34:19.000000Z,twitter.com,https://twitter.com/,IN,AS24560,web_connectivity,False,False,,,
2025-12-11T08:34:12.000000Z,youtube.com,https://www.youtube.com/,IN,AS24560,web_connectivity,False,False,,,
2025-12-11T08:33:41.000000Z,jagran.com,https://www.jagran.com/,IN,AS24560,web_connectivity,False,False,,,
2025-12-11T08:31:39.000000Z,huffpost.com,https://www.huffpost.com/,IN,AS24560,web_connectivity,False,False,,,
2025-12-11T08:31:36.000000Z,hrw.org,https://www.hrw.org/,IN,AS24560,web_connectivity,False,False,,,
2025-12-11T08:27:59.000000Z,instagram.com,https://www.instagram.com/,IN,AS24560,web_connectivity,False,False,,,
2025-12-11T08:27:57.000000Z,facebook.com,https://www.facebook.com/,IN,AS24560,web_connectivity,False,False,,,
2025-12-11T08:27:55.000000Z,twitter.com,https://twitter.com/,IN,AS24560,web_connectivity,False,False,,,
2025-12-11T08:27:50.000000Z,youtube.com,https://www.youtube.com/,IN,AS24560,web_connectivity,False,False,,,
2025-12-11T08:21:48.000000Z,eenadu.net,https://www.eenadu.net/,IN,AS24560,web_connectivity,False,False,,,
2025-12-11T08:18:17.000000Z,youtube.com,https://www.youtube.com/,IN,AS45916,web_connectivity,False,False,,,
2025-12-11T08:18:14.000000Z,instagram.com,https://www.instagram.com/,IN,AS45916,web_connectivity,False,False,,,
2025-12-11T08:18:12.000000Z,facebook.com,https://www.facebook.com/,IN,AS45916,web_connectivity,False,False,,,
2025-12-11T08:18:10.000000Z,twitter.com,https://twitter.com/,IN,AS45916,web_connectivity,False,False,,,
2025-12-11T08:17:08.000000Z,deccanherald.com,https://www.deccanherald.com/,IN,AS24560,web_connectivity,False,False,,,
2025-12-11T08:17:05.000000Z,linkedin.com,https://www.linkedin.com/,IN,AS134375,web_connectivity,False,False,,,
2025-12-11T08:14:57.000000Z,youtube.com,https://www.youtube.com/,IN,AS4755,web_connectivity,True,False,,,
2025-12-11T08:14:48.000000Z,reddit.com,https://www.reddit.com/,IN,AS134375,web_connectivity,False,False,,,
2025-12-11T08:14:47.000000Z,instagram.com,https://www.instagram.com/,IN,AS4755,web_connectivity,False,False,,,
2025-12-11T08:14:47.000000Z,facebook.com,https://www.facebook.com/,IN,AS4755,web_connectivity,False,False,,,
2025-12-11T08:14:47.000000Z,twitter.com,https://twitter.com/,IN,AS4755,web_connectivity,False,False,,,
2025-12-11T08:14:46.000000Z,telegram.org,https://telegram.org/,IN,AS134375,web_connectivity,False,False,,,
2025-12-11T08:14:45.000000Z,signal.org,https://signal.org/,IN,AS134375,web_connectivity,False,False,,,
2025-12-11T08:14:22.000000Z,tiktok.com,https://www.tiktok.com/,IN,AS134375,web_connectivity,False,False,,,
2025-12-11T08:14:00.000000Z,youtube.com,https://www.youtube.com/,IN,AS134375,web_connectivity,False,False,,,
2025-12-11T08:13:57.000000Z,instagram.com,https://www.instagram.com/,IN,AS134375,web_connectivity,False,False,,,
2025-12-11T08:13:54.000000Z,facebook.com,https://www.facebook.com/,IN,AS134375,web_connectivity,False,False,,,
2025-12-11T08:13:50.000000Z,twitter.com,https://twitter.com/,IN,AS134375,web_connectivity,False,False,,,
2025-12-11T08:13:25.000000Z,bbc.com,https://www.bbc.com/,IN,AS24560,web_connectivity,False,False,,,
2025-12-11T08:12:41.000000Z,instagram.com,https://www.instagram.com/,IN,AS24560,web_connectivity,False,False,,,
2025-12-11T08:12:38.000000Z,facebook.com,https://www.facebook.com/,IN,AS24560,web_connectivity,False,False,,,
2025-12-11T08:12:34.000000Z,twitter.com,https://twitter.com/,IN,AS24560,web_connectivity,False,False,,,
2025-12-11T08:12:27.000000Z,youtube.com,https://www.youtube.com/,IN,AS24560,web_connectivity,False,False,,,
2025-12-11T07:53:54.000000Z,youtube.com,https://www.youtube.com/,IN,AS38266,web_connectivity,False,False,,,
2025-12-11T07:53:51.000000Z,facebook.com,https://www.facebook.com/,IN,AS38266,web_connectivity,False,False,,,
2025-12-11T07:53:29.000000Z,twitter.com,https://twitter.com/,IN,AS38266,web_connectivity,False,False,,,
2025-12-11T07:53:22.000000Z,instagram.com,https://www.instagram.com/,IN,AS38266,web_connectivity,False,False,,,
2025-12-11T07:52:08.000000Z,youtube.com,https://www.youtube.com/,IN,AS55836,web_connectivity,False,False,,,
2025-12-11T07:52:05.000000Z,instagram.com,https://www.instagram.com/,IN,AS55836,web_connectivity,False,False,,,
2025-12-11T07:51:59.000000Z,facebook.com,https://www.facebook.com/,IN,AS55836,web_connectivity,False,False,,,
2025-12-11T07:51:26.000000Z,twitter.com,https://twitter.com/,IN,AS55836,web_connectivity,True,False,,,
2025-12-11T07:48:21.000000Z,youtube.com,https://www.youtube.com/,IN,AS45609,web_connectivity,False,False,,,
2025-12-11T07:48:13.000000Z,facebook.com,https://www.facebook.com/,IN,AS45609,web_connectivity,False,False,,,
2025-12-11T07:48:08.000000Z,twitter.com,https://twitter.com/,IN,AS45609,web_connectivity,False,False,,,
2025-12-11T07:48:01.000000Z,instagram.com,https://www.instagram.com/,IN,AS45609,web_connectivity,False,False,,,
2025-12-11T07:35:44.000000Z,youtube.com,https://www.youtube.com/,IN,AS55836,web_connectivity,False,False,,,
2025-12-11T07:35:35.000000Z,instagram.com,https://www.instagram.com/,IN,AS55836,web_connectivity,False,False,,,
2025-12-11T07:35:32.000000Z,facebook.com,https://www.facebook.com/,IN,AS55836,web_connectivity,False,False,,,
2025-12-11T07:35:11.000000Z,twitter.com,https://twitter.com/,IN,AS55836,web_connectivity,False,False,,,
2025-12-11T07:34:19.000000Z,youtube.com,https://www.youtube.com/,IN,AS55836,web_connectivity,False,False,,,
2025-12-11T07:34:15.000000Z,youtube.com,https://www.youtube.com/,IN,AS9829,web_connectivity,False,False,,,
2025-12-11T07:34:15.000000Z,instagram.com,https://www.instagram.com/,IN,AS55836,web_connectivity,False,False,,,
2025-12-11T07:34:12.000000Z,instagram.com,https://www.instagram.com/,IN,AS9829,web_connectivity,False,False,,,
2025-12-11T07:34:12.000000Z,facebook.com,https://www.facebook.com/,IN,AS55836,web_connectivity,False,False,,,
2025-12-11T07:34:10.000000Z,facebook.com,https://www.facebook.com/,IN,AS9829,web_connectivity,False,False,,,
2025-12-11T07:34:08.000000Z,twitter.com,https://twitter.com/,IN,AS9829,web_connectivity,False,False,,,
2025-12-11T07:33:52.000000Z,twitter.com,https://twitter.com/,IN,AS55836,web_connectivity,False,False,,,
2025-12-11T07:32:24.000000Z,snapchat.com,https://www.snapchat.com/,IN,AS45820,web_connectivity,False,False,,,
2025-12-11T07:32:18.000000Z,telegram.org,https://telegram.org/,IN,AS45820,web_connectivity,False,False,,,
2025-12-11T07:32:17.000000Z,signal.org,https://signal.org/,IN,AS45820,web_connectivity,False,False,,,
2025-12-11T07:30:42.000000Z,linkedin.com,https://www.linkedin.com/,IN,AS45820,web_connectivity,False,False,,,
2025-12-11T07:26:57.000000Z,reddit.com,https://www.reddit.com/,IN,AS45820,web_connectivity,False,False,,,
2025-12-11T07:26:32.000000Z,tiktok.com,https://www.tiktok.com/,IN,AS45820,web_connectivity,False,False,,,
2025-12-11T07:26:18.000000Z,youtube.com,https://www.youtube.com/,IN,AS45820,web_connectivity,False,False,,,
2025-12-11T07:26:15.000000Z,instagram.com,https://www.instagram.com/,IN,AS45820,web_connectivity,False,False,,,
2025-12-11T07:26:11.000000Z,twitter.com,https://twitter.com/,IN,AS45820,web_connectivity,False,False,,,
2025-12-11T07:26:07.000000Z,facebook.com,https://www.facebook.com/,IN,AS45820,web_connectivity,False,False,,,
2025-12-11T07:23:56.000000Z,linkedin.com,https://www.linkedin.com/,IN,AS55836,web_connectivity,False,False,,,
2025-12-11T07:21:42.000000Z,amnesty.org,https://www.amnesty.org/,IN,AS24560,web_connectivity,False,False,,,
2025-12-11T07:21:04.000000Z,tiktok.com,https://www.tiktok.com/,IN,AS24309,web_connectivity,False,False,,,
2025-12-11T07:20:36.000000Z,altnews.in,https://www.altnews.in/,IN,AS24560,web_connectivity,False,False,,,
2025-12-11T07:20:05.000000Z,youtube.com,https://www.youtube.com/,IN,AS55836,web_connectivity,False,False,,,
2025-12-11T07:20:02.000000Z,instagram.com,https://www.instagram.com/,IN,AS55836,web_connectivity,False,False,,,
2025-12-11T07:19:59.000000Z,facebook.com,https://www.facebook.com/,IN,AS55836,web_connectivity,False,False,,,
2025-12-11T07:19:54.000000Z,aljazeera.com,https://www.aljazeera.com/,IN,AS24560,web_connectivity,False,False,,,
2025-12-11T07:19:53.000000Z,twitter.com,https://twitter.com/,IN,AS55836,web_connectivity,False,False,,,
2025-12-11T07:19:34.000000Z,instagram.com,https://www.instagram.com/,IN,AS24560,web_connectivity,False,False,,,
2025-12-11T07:19:31.000000Z,facebook.com,https://www.facebook.com/,IN,AS24560,web_connectivity,False,False,,,
2025-12-11T07:19:07.000000Z,twitter.com,https://twitter.com/,IN,AS24560,web_connectivity,False,False,,,
2025-12-11T07:18:48.000000Z,youtube.com,https://www.youtube.com/,IN,AS24560,web_connectivity,False,False,,,
2025-12-11T07:09:19.000000Z,whatsapp.com,https://www.whatsapp.com/,IN,AS134375,web_connectivity,False,False,,,
2025-12-11T07:09:11.000000Z,snapchat.com,https://www.snapchat.com/,IN,AS134375,web_connectivity,False,False,,,
2025-12-11T07:09:07.000000Z,telegram.org,https://telegram.org/,IN,AS134375,web_connectivity,False,False,,,
2025-12-11T07:09:06.000000Z,signal.org,https://signal.org/,IN,AS134375,web_connectivity,False,False,,,
2025-12-11T07:09:01.000000Z,reddit.com,https://www.reddit.com/,IN,AS134375,web_connectivity,False,False,,,
2025-12-11T07:08:34.000000Z,tiktok.com,https://www.tiktok.com/,IN,AS134375,web_connectivity,False,False,,,
2025-12-11T07:05:17.000000Z,youtube.com,https://www.youtube.com/,IN,AS24309,web_connectivity,False,False,,,
2025-12-11T07:05:16.000000Z,twitter.com,https://twitter.com/,IN,AS24309,web_connectivity,False,False,,,
2025-12-11T07:05:13.000000Z,instagram.com,https://www.instagram.com/,IN,AS24309,web_connectivity,False,False,,,
2025-12-11T07:05:12.000000Z,youtube.com,https://www.youtube.com/,IN,AS134375,web_connectivity,False,False,,,
2025-12-11T07:05:10.000000Z,facebook.com,https://www.facebook.com/,IN,AS24309,web_connectivity,False,False,,,
2025-12-11T07:05:08.000000Z,instagram.com,https://www.instagram.com/,IN,AS134375,web_connectivity,False,False,,,
2025-12-11T07:05:05.000000Z,facebook.com,https://www.facebook.com/,IN,AS134375,web_connectivity,False,False,,,
2025-12-11T07:04:59.000000Z,twitter.com,https://twitter.com/,IN,AS134375,web_connectivity,False,False,,,
2025-12-11T06:43:43.000000Z,tiktok.com,https://www.tiktok.com/,IN,AS55836,web_connectivity,False,True,,,
2025-12-11T06:43:07.000000Z,youtube.com,https://www.youtube.com/,IN,AS55836,web_connectivity,False,False,,,
2025-12-11T06:43:02.000000Z,instagram.com,https://www.instagram.com/,IN,AS55836,web_connectivity,False,False,,,
2025-12-11T06:42:19.000000Z,facebook.com,https://www.facebook.com/,IN,AS55836,web_connectivity,False,False,,,
2025-12-11T06:41:33.000000Z,twitter.com,https://twitter.com/,IN,AS55836,web_connectivity,False,False,,,
2025-12-11T06:41:06.000000Z,freedomhouse.org,https://freedomhouse.org/,IN,AS45609,web_connectivity,False,False,,,
2025-12-11T06:39:42.000000Z,tiktok.com,https://www.tiktok.com/,IN,AS45609,web_connectivity,False,True,,,
2025-12-11T06:39:23.000000Z,economictimes.indiatimes.com,https://economictimes.indiatimes.com/,IN,AS17747,web_connectivity,False,False,,,
2025-12-11T06:39:08.000000Z,youtube.com,https://www.youtube.com/,IN,AS45609,web_connectivity,False,False,,,
2025-12-11T06:39:02.000000Z,facebook.com,https://www.facebook.com/,IN,AS45609,web_connectivity,False,False,,,
2025-12-11T06:38:55.000000Z,twitter.com,https://twitter.com/,IN,AS45609,web_connectivity,False,False,,,
2025-12-11T06:38:33.000000Z,instagram.com,https://www.instagram.com/,IN,AS17747,web_connectivity,False,False,,,
2025-12-11T06:38:29.000000Z,youtube.com,https://www.youtube.com/,IN,AS17747,web_connectivity,False,False,,,
2025-12-11T06:38:27.000000Z,facebook.com,https://www.facebook.com/,IN,AS17747,web_connectivity,False,False,,,
2025-12-11T06:38:25.000000Z,instagram.com,https://www.instagram.com/,IN,AS45609,web_connectivity,False,False,,,
2025-12-11T06:38:04.000000Z,twitter.com,https://twitter.com/,IN,AS17747,web_connectivity,False,False,,,
2025-12-11T06:16:54.000000Z,firstpost.com,https://www.firstpost.com/,IN,AS14061,web_connectivity,False,False,,,
2025-12-11T06:16:35.000000Z,thewire.in,https://thewire.in/,IN,AS14061,web_connectivity,False,False,,,
2025-12-11T06:15:42.000000Z,pmindia.gov.in,https://www.pmindia.gov.in/,IN,AS14061,web_connectivity,False,False,,,
2025-12-11T06:12:15.000000Z,indiatoday.in,https://www.indiatoday.in/,IN,AS14061,web_connectivity,False,False,,,
2025-12-11T06:09:24.000000Z,xvideos.com,http://www.xvideos.com/,IN,AS14061,web_connectivity,False,True,,,
2025-12-11T06:05:00.000000Z,bbc.com,https://www.bbc.com/,IN,AS45775,web_connectivity,False,False,,,
2025-12-11T06:03:58.000000Z,amnesty.org,https://www.amnesty.org/,IN,AS45775,web_connectivity,False,False,,,
2025-12-11T06:03:41.000000Z,altnews.in,https://www.altnews.in/,IN,AS45775,web_connectivity,False,False,,,
2025-12-11T06:03:29.000000Z,aljazeera.com,https://www.aljazeera.com/,IN,AS45775,web_connectivity,False,False,,,
2025-12-11T06:02:07.000000Z,accessnow.org,https://www.accessnow.org/,IN,AS45775,web_connectivity,False,False,,,
2025-12-11T06:01:42.000000Z,xvideos.com,https://www.xvideos.com/,IN,AS14061,web_connectivity,False,True,,,
2025-12-11T05:58:22.000000Z,timesofindia.indiatimes.com,https://timesofindia.indiatimes.com/,IN,AS45775,web_connectivity,False,False,,,
2025-12-11T05:58:00.000000Z,youtube.com,https://www.youtube.com/,IN,AS45775,web_connectivity,False,False,,,
2025-12-11T05:58:00.000000Z,youtube.com,https://www.youtube.com/,IN,AS45775,web_connectivity,False,False,,,
2025-12-11T05:57:59.000000Z,instagram.com,https://www.instagram.com/,IN,AS45775,web_connectivity,False,True,,,
2025-12-11T05:57:58.000000Z,facebook.com,https://www.facebook.com/,IN,AS45775,web_connectivity,False,True,,,
2025-12-11T05:57:47.000000Z,twitter.com,https://twitter.com/,IN,AS45775,web_connectivity,False,False,,,
2025-12-11T05:56:29.000000Z,youtube.com,https://www.youtube.com/,IN,AS134375,web_connectivity,False,False,,,
2025-12-11T05:56:24.000000Z,instagram.com,https://www.instagram.com/,IN,AS134375,web_connectivity,False,False,,,
2025-12-11T05:56:20.000000Z,facebook.com,https://www.facebook.com/,IN,AS134375,web_connectivity,False,False,,,
2025-12-11T05:56:11.000000Z,twitter.com,https://twitter.com/,IN,AS134375,web_connectivity,False,False,,,
2025-12-11T05:54:30.000000Z,thehindu.com,https://www.thehindu.com/,IN,AS14061,web_connectivity,False,False,,,
2025-12-11T05:52:17.000000Z,reddit.com,https://www.reddit.com/,IN,AS55836,web_connectivity,False,False,,,
2025-12-11T05:51:17.000000Z,tiktok.com,https://www.tiktok.com/,IN,AS55836,web_connectivity,False,True,,,
2025-12-11T05:43:58.000000Z,thequint.com,https://www.thequint.com/,IN,AS14061,web_connectivity,False,False,,,
2025-12-11T05:43:41.000000Z,manoramaonline.com,https://www.manoramaonline.com/,IN,AS14061,web_connectivity,False,False,,,
2025-12-11T05:42:50.000000Z,rsf.org,https://rsf.org/,IN,AS14061,web_connectivity,False,False,,,
2025-12-11T05:42:00.000000Z,indianexpress.com,https://indianexpress.com/,IN,AS14061,web_connectivity,False,False,,,
2025-12-11T05:40:21.000000Z,un.org,https://www.un.org/,IN,AS55836,web_connectivity,False,False,,,
2025-12-11T05:39:59.000000Z,youtube.com,https://www.youtube.com/,IN,AS55836,web_connectivity,False,False,,,
2025-12-11T05:39:55.000000Z,instagram.com,https://www.instagram.com/,IN,AS55836,web_connectivity,False,False,,,
2025-12-11T05:39:52.000000Z,un.org,https://www.un.org/,IN,AS55836,web_connectivity,False,False,,,
2025-12-11T05:39:51.000000Z,facebook.com,https://www.facebook.com/,IN,AS55836,web_connectivity,False,False,,,
2025-12-11T05:39:46.000000Z,twitter.com,https://twitter.com/,IN,AS55836,web_connectivity,False,False,,,
2025-12-11T05:39:08.000000Z,youtube.com,https://www.youtube.com/,IN,AS38266,web_connectivity,False,False,,,
2025-12-11T05:38:39.000000Z,accessnow.org,https://www.accessnow.org/,IN,AS24560,web_connectivity,False,False,,,
2025-12-11T05:38:19.000000Z,tiktok.com,https://www.tiktok.com/,IN,AS55836,web_connectivity,False,True,,,
2025-12-11T05:37:44.000000Z,thequint.com,https://www.thequint.com/,IN,AS55836,web_connectivity,False,False,,,
2025-12-11T05:36:25.000000Z,thehindu.com,https://www.thehindu.com/,IN,AS55836,web_connectivity,False,False,,,
2025-12-11T05:36:05.000000Z,theguardian.com,https://www.theguardian.com/,IN,AS55836,web_connectivity,False,False,,,
2025-12-11T05:35:02.000000Z,timesofindia.indiatimes.com,https://timesofindia.indiatimes.com/,IN,AS24560,web_connectivity,False,False,,,
2025-12-11T05:34:27.000000Z,snapchat.com,https://www.snapchat.com/,IN,AS55836,web_connectivity,False,False,,,
2025-12-11T05:34:21.000000Z,snapchat.com,https://www.snapchat.com/,IN,AS55836,web_connectivity,False,False,,,
2025-12-11T05:33:17.000000Z,economictimes.indiatimes.com,https://economictimes.indiatimes.com/,IN,AS45609,web_connectivity,False,False,,,
2025-12-11T05:32:44.000000Z,mygov.in,https://www.mygov.in/,IN,AS14061,web_connectivity,False,False,,,
2025-12-11T05:32:26.000000Z,tiktok.com,https://www.tiktok.com/,IN,AS45609,web_connectivity,False,True,,,
2025-12-11T05:32:15.000000Z,reuters.com,https://www.reuters.com/,IN,AS55836,web_connectivity,False,False,,,
2025-12-11T05:32:00.000000Z,youtube.com,https://www.youtube.com/,IN,AS45609,web_connectivity,False,False,,,
2025-12-11T05:31:57.000000Z,facebook.com,https://www.facebook.com/,IN,AS45609,web_connectivity,False,False,,,
2025-12-11T05:31:55.000000Z,reuters.com,https://www.reuters.com/,IN,AS55836,web_connectivity,False,False,,,
2025-12-11T05:31:54.000000Z,twitter.com,https://twitter.com/,IN,AS45609,web_connectivity,False,False,,,
2025-12-11T05:31:50.000000Z,instagram.com,https://www.instagram.com/,IN,AS45609,web_connectivity,False,False,,,
2025-12-11T05:30:31.000000Z,youtube.com,https://www.youtube.com/,IN,AS55836,web_connectivity,False,False,,,
2025-12-11T05:30:26.000000Z,instagram.com,https://www.instagram.com/,IN,AS55836,web_connectivity,False,False,,,
2025-12-11T05:30:24.000000Z,facebook.com,https://www.facebook.com/,IN,AS55836,web_connectivity,False,False,,,
2025-12-11T05:30:20.000000Z,twitter.com,https://twitter.com/,IN,AS55836,web_connectivity,False,False,,,
2025-12-11T05:29:37.000000Z,pmindia.gov.in,https://www.pmindia.gov.in/,IN,AS55836,web_connectivity,False,False,,,
2025-12-11T05:29:20.000000Z,instagram.com,https://www.instagram.com/,IN,AS24560,web_connectivity,False,False,,,
2025-12-11T05:29:17.000000Z,facebook.com,https://www.facebook.com/,IN,AS24560,web_connectivity,False,False,,,
2025-12-11T05:29:15.000000Z,twitter.com,https://twitter.com/,IN,AS24560,web_connectivity,False,False,,,
2025-12-11T05:29:14.000000Z,moneycontrol.com,https://www.moneycontrol.com/,IN,AS14061,web_connectivity,False,False,,,
2025-12-11T05:29:08.000000Z,youtube.com,https://www.youtube.com/,IN,AS24560,web_connectivity,False,False,,,
2025-12-11T05:29:07.000000Z,mathrubhumi.com,https://www.mathrubhumi.com/,IN,AS14061,web_connectivity,False,False,,,
2025-12-11T05:28:42.000000Z,hrw.org,https://www.hrw.org/,IN,AS14061,web_connectivity,False,False,,,
2025-12-11T05:28:41.000000Z,hindustantimes.com,https://www.hindustantimes.com/,IN,AS14061,web_connectivity,False,False,,,
2025-12-11T05:27:34.000000Z,altnews.in,https://www.altnews.in/,IN,AS14061,web_connectivity,False,False,,,
2025-12-11T05:24:19.000000Z,youtube.com,https://www.youtube.com/,IN,AS55836,web_connectivity,False,False,,,
2025-12-11T05:24:16.000000Z,instagram.com,https://www.instagram.com/,IN,AS55836,web_connectivity,False,False,,,
2025-12-11T05:24:14.000000Z,facebook.com,https://www.facebook.com/,IN,AS55836,web_connectivity,False,False,,,
2025-12-11T05:24:09.000000Z,twitter.com,https://twitter.com/,IN,AS55836,web_connectivity,False,False,,,
2025-12-11T05:23:29.000000Z,whatsapp.com,https://www.whatsapp.com/,IN,AS141995,web_connectivity,False,False,,,
2025-12-11T05:23:19.000000Z,snapchat.com,https://www.snapchat.com/,IN,AS141995,web_connectivity,False,False,,,
2025-12-11T05:22:56.000000Z,telegram.org,https://telegram.org/,IN,AS141995,web_connectivity,False,False,,,
2025-12-11T05:22:55.000000Z,signal.org,https://signal.org/,IN,AS141995,web_connectivity,False,False,,,
2025-12-11T05:22:50.000000Z,reddit.com,https://www.reddit.com/,IN,AS141995,web_connectivity,False,False,,,
2025-12-11T05:22:15.000000Z,tiktok.com,https://www.tiktok.com/,IN,AS141995,web_connectivity,False,False,,,
2025-12-11T05:22:09.000000Z,youtube.com,https://www.youtube.com/,IN,AS141995,web_connectivity,False,False,,,
2025-12-11T05:22:04.000000Z,instagram.com,https://www.instagram.com/,IN,AS141995,web_connectivity,False,False,,,
2025-12-11T05:22:01.000000Z,facebook.com,https://www.facebook.com/,IN,AS141995,web_connectivity,False,False,,,
2025-12-11T05:21:55.000000Z,twitter.com,https://twitter.com/,IN,AS141995,web_connectivity,False,False,,,
2025-12-11T05:21:36.000000Z,newslaundry.com,https://www.newslaundry.com/,IN,AS14061,web_connectivity,False,False,,,
2025-12-11T05:21:06.000000Z,jagran.com,https://www.jagran.com/,IN,AS14061,web_connectivity,False,False,,,
2025-12-11T05:19:40.000000Z,bbc.com,https://www.bbc.com/,IN,AS14061,web_connectivity,False,False,,,
2025-12-11T05:19:19.000000Z,accessnow.org,https://www.accessnow.org/,IN,AS14061,web_connectivity,False,False,,,
2025-12-11T05:17:40.000000Z,instagram.com,https://www.instagram.com/,IN,AS38266,web_connectivity,False,True,,,
2025-12-11T05:17:26.000000Z,facebook.com,https://www.facebook.com/,IN,AS38266,web_connectivity,False,False,,,
2025-12-11T05:16:56.000000Z,twitter.com,https://twitter.com/,IN,AS38266,web_connectivity,False,False,,,
2025-12-11T05:15:28.000000Z,caravanmagazine.in,https://caravanmagazine.in/,IN,AS14061,web_connectivity,False,False,,,
2025-12-11T05:14:52.000000Z,adrindia.org,https://adrindia.org/,IN,AS14061,web_connectivity,False,False,,,
2025-12-11T05:14:01.000000Z,netflix.com,https://www.netflix.com/,IN,AS14061,web_connectivity,False,False,,,
2025-12-11T05:09:12.000000Z,youtube.com,https://www.youtube.com/,IN,AS9829,web_connectivity,False,False,,,
2025-12-11T05:09:09.000000Z,instagram.com,https://www.instagram.com/,IN,AS9829,web_connectivity,False,False,,,
2025-12-11T05:09:07.000000Z,facebook.com,https://www.facebook.com/,IN,AS9829,web_connectivity,False,False,,,
2025-12-11T05:09:03.000000Z,twitter.com,https://twitter.com/,IN,AS9829,web_connectivity,False,False,,,
2025-12-11T05:07:53.000000Z,thepiratebay.org,https://thepiratebay.org/,IN,AS14061,web_connectivity,False,False,,,
2025-12-11T05:07:33.000000Z,india.gov.in,https://india.gov.in/,IN,AS14061,web_connectivity,True,False,,,
2025-12-11T05:06:19.000000Z,whatsapp.com,https://www.whatsapp.com/,IN,AS24309,web_connectivity,False,False,,,
2025-12-11T05:06:12.000000Z,snapchat.com,https://www.snapchat.com/,IN,AS24309,web_connectivity,False,False,,,
2025-12-11T05:06:06.000000Z,telegram.org,https://telegram.org/,IN,AS24309,web_connectivity,False,False,,,
2025-12-11T05:06:04.000000Z,signal.org,https://signal.org/,IN,AS24309,web_connectivity,False,False,,,
2025-12-11T05:04:43.000000Z,linkedin.com,https://www.linkedin.com/,IN,AS24309,web_connectivity,False,False,,,
2025-12-11T05:03:18.000000Z,nytimes.com,https://www.nytimes.com/,IN,AS14061,web_connectivity,False,False,,,
2025-12-11T05:02:38.000000Z,livemint.com,https://www.livemint.com/,IN,AS14061,web_connectivity,False,False,,,
2025-12-11T05:02:14.000000Z,tiktok.com,https://www.tiktok.com/,IN,AS24309,web_connectivity,False,True,,,
2025-12-11T05:02:07.000000Z,youtube.com,https://www.youtube.com/,IN,AS24309,web_connectivity,False,False,,,
2025-12-11T05:02:00.000000Z,twitter.com,https://twitter.com/,IN,AS24309,web_connectivity,False,False,,,
2025-12-11T05:01:57.000000Z,instagram.com,https://www.instagram.com/,IN,AS24309,web_connectivity,False,False,,,
2025-12-11T05:01:51.000000Z,facebook.com,https://www.facebook.com/,IN,AS24309,web_connectivity,False,False,,,
2025-12-11T05:01:10.000000Z,amnesty.org,https://www.amnesty.org/,IN,AS14061,web_connectivity,False,False,,,
2025-12-11T05:00:39.000000Z,timesofindia.indiatimes.com,https://timesofindia.indiatimes.com/,IN,AS14061,web_connectivity,False,False,,,
2025-12-11T04:57:14.000000Z,economictimes.indiatimes.com,https://economictimes.indiatimes.com/,IN,AS14061,web_connectivity,False,False,,,
2025-12-11T04:56:47.000000Z,who.int,https://www.who.int/,IN,AS14061,web_connectivity,False,False,,,
2025-12-11T04:51:24.000000Z,linkedin.com,https://www.linkedin.com/,IN,AS14061,web_connectivity,False,False,,,
2025-12-11T04:50:14.000000Z,reuters.com,https://www.reuters.com/,IN,AS14061,web_connectivity,False,False,,,
2025-12-11T04:49:43.000000Z,news18.com,https://www.news18.com/,IN,AS14061,web_connectivity,False,False,,,
2025-12-11T04:47:13.000000Z,eenadu.net,https://www.eenadu.net/,IN,AS14061,web_connectivity,False,False,,,
2025-12-11T04:47:01.000000Z,deccanherald.com,https://www.deccanherald.com/,IN,AS14061,web_connectivity,False,False,,,
2025-12-11T04:46:55.000000Z,youtube.com,https://www.youtube.com/,IN,AS134375,web_connectivity,False,False,,,
2025-12-11T04:46:50.000000Z,instagram.com,https://www.instagram.com/,IN,AS134375,web_connectivity,False,False,,,
2025-12-11T04:46:47.000000Z,facebook.com,https://www.facebook.com/,IN,AS134375,web_connectivity,False,False,,,
2025-12-11T04:46:41.000000Z,twitter.com,https://twitter.com/,IN,AS134375,web_connectivity,False,False,,,
2025-12-11T04:46:34.000000Z,linkedin.com,https://www.linkedin.com/,IN,AS18209,web_connectivity,False,False,,,
2025-12-11T04:46:29.000000Z,aljazeera.com,https://www.aljazeera.com/,IN,AS14061,web_connectivity,False,False,,,
2025-12-11T04:45:37.000000Z,scroll.in,https://scroll.in/,IN,AS14061,web_connectivity,False,False,,,
2025-12-11T04:45:12.000000Z,pucl.org,https://pucl.org/,IN,AS14061,web_connectivity,True,False,,,
2025-12-11T04:43:51.000000Z,whatsapp.com,https://www.whatsapp.com/,IN,AS18209,web_connectivity,False,False,,,
2025-12-11T04:43:47.000000Z,snapchat.com,https://www.snapchat.com/,IN,AS18209,web_connectivity,False,False,,,
2025-12-11T04:43:43.000000Z,telegram.org,https://telegram.org/,IN,AS18209,web_connectivity,False,False,,,
2025-12-11T04:43:41.000000Z,signal.org,https://signal.org/,IN,AS18209,web_connectivity,False,False,,,
2025-12-11T04:43:38.000000Z,freedomhouse.org,https://freedomhouse.org/,IN,AS14061,web_connectivity,False,False,,,
2025-12-11T04:43:36.000000Z,reddit.com,https://www.reddit.com/,IN,AS18209,web_connectivity,False,False,,,
2025-12-11T04:43:36.000000Z,eci.gov.in,https://eci.gov.in/,IN,AS14061,web_connectivity,False,False,,,
2025-12-11T04:43:25.000000Z,tiktok.com,https://www.tiktok.com/,IN,AS18209,web_connectivity,False,True,,,
2025-12-11T04:43:17.000000Z,youtube.com,https://www.youtube.com/,IN,AS18209,web_connectivity,False,False,,,
2025-12-11T04:43:14.000000Z,instagram.com,https://www.instagram.com/,IN,AS18209,web_connectivity,False,False,,,
2025-12-11T04:43:12.000000Z,facebook.com,https://www.facebook.com/,IN,AS18209,web_connectivity,False,False,,,
2025-12-11T04:43:09.000000Z,twitter.com,https://twitter.com/,IN,AS18209,web_connectivity,False,False,,,
2025-12-11T04:37:33.000000Z,scroll.in,https://scroll.in/,IN,AS24560,web_connectivity,False,False,,,
2025-12-11T04:36:02.000000Z,instagram.com,https://www.instagram.com/,IN,AS24560,web_connectivity,False,False,,,
2025-12-11T04:36:00.000000Z,facebook.com,https://www.facebook.com/,IN,AS24560,web_connectivity,False,False,,,
2025-12-11T04:35:57.000000Z,twitter.com,https://twitter.com/,IN,AS24560,web_connectivity,False,False,,,
2025-12-11T04:35:50.000000Z,youtube.com,https://www.youtube.com/,IN,AS24560,web_connectivity,False,False,,,
2025-12-11T04:34:35.000000Z,vidhilegalpolicy.in,https://vidhilegalpolicy.in/,IN,AS14061,web_connectivity,True,False,,,
2025-12-11T04:32:47.000000Z,theguardian.com,https://www.theguardian.com/,IN,AS14061,web_connectivity,False,False,,,
2025-12-11T04:31:23.000000Z,huffpost.com,https://www.huffpost.com/,IN,AS14061,web_connectivity,False,False,,,
2025-12-11T04:28:38.000000Z,cis-india.org,https://cis-india.org/,IN,AS14061,web_connectivity,False,False,,,
2025-12-11T04:25:22.000000Z,citizenlab.ca,https://citizenlab.ca/,IN,AS45609,web_connectivity,False,False,,,
2025-12-11T04:25:15.000000Z,india.gov.in,https://www.india.gov.in/,IN,AS14061,web_connectivity,True,False,,,
2025-12-11T04:25:08.000000Z,cis-india.org,https://cis-india.org/,IN,AS45609,web_connectivity,False,False,,,
2025-12-11T04:24:42.000000Z,caravanmagazine.in,https://caravanmagazine.in/,IN,AS45609,web_connectivity,False,False,,,
2025-12-11T04:23:21.000000Z,un.org,https://www.un.org/,IN,AS14061,web_connectivity,False,False,,,
2025-12-11T04:17:45.000000Z,adrindia.org,https://adrindia.org/,IN,AS45609,web_connectivity,False,False,,,
2025-12-11T04:17:33.000000Z,snapchat.com,https://www.snapchat.com/,IN,AS14061,web_connectivity,False,False,,,
2025-12-11T04:17:09.000000Z,signal.org,https://signal.org/,IN,AS14061,web_connectivity,False,False,,,
2025-12-11T04:16:47.000000Z,whatsapp.com,https://www.whatsapp.com/,IN,AS45609,web_connectivity,False,False,,,
2025-12-11T04:16:37.000000Z,snapchat.com,https://www.snapchat.com/,IN,AS45609,web_connectivity,False,False,,,
2025-12-11T04:16:29.000000Z,telegram.org,https://telegram.org/,IN,AS45609,web_connectivity,False,False,,,
2025-12-11T04:16:12.000000Z,reddit.com,https://www.reddit.com/,IN,AS14061,web_connectivity,False,False,,,
2025-12-11T04:15:36.000000Z,tiktok.com,https://www.tiktok.com/,IN,AS45609,web_connectivity,False,True,,,
2025-12-11T04:15:02.000000Z,youtube.com,https://www.youtube.com/,IN,AS45609,web_connectivity,False,False,,,
2025-12-11T04:14:57.000000Z,facebook.com,https://www.facebook.com/,IN,AS45609,web_connectivity,False,False,,,
2025-12-11T04:14:51.000000Z,twitter.com,https://twitter.com/,IN,AS45609,web_connectivity,False,False,,,
2025-12-11T04:14:45.000000Z,instagram.com,https://www.instagram.com/,IN,AS45609,web_connectivity,False,False,,,
2025-12-11T04:13:22.000000Z,ndtv.com,https://www.ndtv.com/,IN,AS14061,web_connectivity,False,False,,,
2025-12-11T04:09:15.000000Z,citizenlab.ca,https://citizenlab.ca/,IN,AS14061,web_connectivity,False,False,,,
2025-12-11T04:08:51.000000Z,telegram.org,https://telegram.org/,IN,AS14061,web_connectivity,False,False,,,
2025-12-11T04:02:53.000000Z,tiktok.com,https://www.tiktok.com/,IN,AS14061,web_connectivity,False,False,,,
2025-12-11T04:02:13.000000Z,whatsapp.com,https://www.whatsapp.com/,IN,AS14061,web_connectivity,False,False,,,
2025-12-11T04:01:49.000000Z,nytimes.com,https://www.nytimes.com/,IN,AS55836,web_connectivity,False,False,,,
2025-12-11T04:01:13.000000Z,newslaundry.com,https://www.newslaundry.com/,IN,AS55836,web_connectivity,False,False,,,
2025-12-11T04:01:12.000000Z,ndtv.com,https://www.ndtv.com/,IN,AS55836,web_connectivity,False,False,,,
2025-12-11T04:00:24.000000Z,youtube.com,https://www.youtube.com/,IN,AS14061,web_connectivity,False,False,,,
2025-12-11T04:00:21.000000Z,twitter.com,https://twitter.com/,IN,AS14061,web_connectivity,False,False,,,
2025-12-11T04:00:16.000000Z,facebook.com,https://www.facebook.com/,IN,AS14061,web_connectivity,False,False,,,
2025-12-11T04:00:15.000000Z,instagram.com,https://www.instagram.com/,IN,AS14061,web_connectivity,False,False,,,
2025-12-11T03:58:43.000000Z,moneycontrol.com,https://www.moneycontrol.com/,IN,AS55836,web_connectivity,False,False,,,
